downloads,count
2856046,701
9449324,417
57651584,277
3274415,216
15876942,190
19560441,163
134992,163
7983343,148
25578450,148
2229968,137
8680,132
5551482,121
37565,100
66902357,91
1196,89
4103927,81
371806,80
277642,78
736026,78
7896517,75
3481304,73
2719581,69
72496,65
5567,65
108346,64
7561987,61
3236,60
523593,59
675542,57
57214,55
53116,55
2675492,54
23838,53
6040,52
933542,49
58968,49
7803536,48
108497,48
204186,47
15516,47
29019,45
5062581,45
5779516,44
1691424,43
2344788,43
116377,43
8598,42
6379353,39
11467451,39
1845447,38
6087346,36
25290,35
131165,34
1428,33
204261,33
637884,30
14436708,30
125229,29
71995,29
66683,28
19320,28
8554,28
114444,28
520030,25
22140,25
1373430,24
22458,24
109067,23
118,22
29670,22
68005,22
2239521,21
26903,21
47381,21
3049,20
1478280,20
1036154,19
345323,19
1323,19
5125,18
250085,18
11335,18
27941,18
33822,18
156212,18
687507,18
442997,17
285960,17
169587,17
219086,17
14997,17
119425,16
48367,16
357711,16
20247,16
41,16
34720,16
155875,15
32067,15
279703,15
33629,15
1425608,15
7533,15
27137,15
757,14
3346,14
2184,14
7280,14
32800,14
10333,14
109066,14
159564,14
138827,14
2947,14
918,13
1553,13
7934,13
2899,13
43392,13
174883,13
3421218,13
302,13
478,13
643059,13
2868797,12
143546,12
56544,12
2770,12
24590,12
4564705,12
12881,12
49113,12
8077,12
29116,12
458903,11
114734,11
1805122,11
105253,11
4478,11
231553,11
49856,11
3883849,11
9849,11
3487221,11
1481487,10
2804,10
941,10
3301,10
23940,10
48315,10
48192,10
117081,10
20831,10
4292,10
195767,10
14379,10
1511,10
36946,10
209660,10
41,10
4861,9
1097,9
49816,9
18,9
169519,9
19169,9
5165924,9
13034,9
629,9
3719,9
17279392,9
58427,9
1017,9
1721,9
65219,9
9559,9
63250,9
652121,8
7,8
6716,8
27537,8
3175,8
226,8
158915,8
51490,8
8984818,8
24910,8
33720,8
2678,8
12283,8
9558,8
13436,8
11337,8
84953,8
925,8
117147,8
1134444,8
33986,8
2982,8
94861,8
61667,7
1669473,7
2932,7
10840,7
1431,7
1651,7
59775,7
2340940,7
26374,7
939,7
2203575,7
32670,7
694151,7
109,7
275878,7
159142,7
145100,7
6562,7
187194,7
38063,7
517,7
264157,7
21,7
857,7
327639,7
129107,7
158258,7
687598,6
1226,6
536,6
2745,6
402417,6
42,6
1070397,6
36697,6
43622,6
1240,6
33951,6
5481311,6
17440,6
189976,6
35332,6
34621,6
395052,6
2274,6
608,6
2021496,6
25902,6
1306,6
9398,6
17731,6
13960,6
2907,6
164569,6
112190,6
1584,6
587820,6
5733,6
36253,6
1363,6
39934,6
2199,6
300,6
16956,6
91329,6
2423,6
578,6
506,6
300,6
4333,6
21940,6
1758,5
33440,5
28603,5
27173,5
10330,5
37772,5
2131,5
1759,5
26209,5
11953,5
3681,5
43886,5
1570,5
574,5
37393,5
92835,5
1018,5
0,5
2,5
10556,5
931,5
7483,5
2957,5
3460,5
1271,5
165964,5
0,5
12955,5
2049,5
2117,5
4745,5
21260,5
1160,5
456,5
11474,5
6276,5
22296,5
44448,5
6826,5
2928,5
603164,5
1480,5
99479,5
10,5
925,5
392359,5
60089,5
742,5
14508,5
16671,5
12991,5
10701,5
3087333,5
172510,5
55109,5
39,5
10833,5
558800,5
1364917,5
55687,5
17352,5
5932890,5
223,5
26121,5
72599,5
4204,5
761,5
1957222,5
375,5
613,5
1229,5
32532,5
2825,5
749,5
82231,5
194,4
409,4
192,4
939,4
87,4
4406,4
597,4
730,4
812,4
1392,4
1111,4
11193,4
2107,4
108786,4
4349,4
42607,4
10249,4
2453,4
1578,4
1254134,4
21,4
2648,4
0,4
580,4
3215,4
135699,4
1823,4
39618,4
385,4
245,4
0,4
1557,4
291660,4
607,4
116,4
1303241,4
62129,4
2744,4
54,4
1279526,4
5474,4
26,4
6703,4
347793,4
695370,4
8436,4
2082,4
1201260,4
2788,4
2803,4
647,4
29019,4
0,4
39180,4
30605,4
7536,4
25022,4
1189841,4
840,4
8606,4
22268,4
640,4
746,4
448408,4
193,4
89,4
1726,4
43,4
10027,4
397276,4
732,4
51698,4
44,4
144,4
725,4
7275,4
948,4
289,4
1257,4
16314,4
10675,4
841,4
67395,4
1845,4
12436,4
761,4
21,4
270,4
3395046,4
186,4
12675,3
3939,3
20353,3
161,3
482,3
324,3
14767,3
5411,3
34704,3
3233,3
2117,3
266,3
730,3
6360,3
563,3
11660,3
99,3
1821,3
3830,3
213552,3
481,3
10799,3
707,3
6115,3
4236,3
498,3
493,3
6224,3
1081,3
33731,3
7174,3
6303,3
5046,3
4745,3
7,3
350,3
57576,3
808,3
6284,3
22639,3
10618,3
9655,3
1324,3
674,3
18602,3
3308,3
1289,3
8044,3
2642,3
6887,3
216,3
47388,3
242,3
1033,3
2250,3
161234,3
3322,3
1641,3
1411,3
3197,3
4289,3
122094,3
24773,3
2620,3
106,3
14045,3
8019,3
1212,3
829,3
1155875,3
886,3
2080,3
92376,3
2537,3
339,3
20,3
11101,3
8,3
911,3
4030,3
1326,3
827,3
2179,3
481,3
403,3
31789,3
1236,3
102,3
5503,3
4220,3
1941,3
497,3
10565,3
1030091,3
356,3
408,3
40322,3
13,3
91,3
119757,3
11888,3
3107,3
7150,3
452511,3
118,3
3786,3
295410,3
5588,3
756856,3
8849,3
1059,3
26,3
1193,3
483,3
5864,3
17526,3
29448,3
4763,3
732607,3
94908,3
4296,3
1779,3
40898,3
48590,3
16240,3
14400,3
83,3
0,3
18,3
21835,3
420,3
91,3
295,3
166,3
1779,3
35332,3
249,3
96,3
43998,3
117012,3
95997,3
20,3
2687,3
473,3
6,3
19510,3
291,3
40612,3
214,3
834,3
70,2
233,2
17503,2
105305,2
187,2
12879,2
3489,2
3,2
4,2
1118,2
0,2
22355,2
1321,2
40,2
378,2
105,2
140565,2
1800,2
13621,2
1204,2
881,2
20736,2
3474,2
4515,2
10,2
173,2
247,2
211,2
4137,2
475,2
706,2
1887,2
269,2
176,2
1887,2
1384,2
88,2
96,2
279,2
2133,2
2191,2
97,2
335385,2
1825,2
432,2
58043,2
36244,2
0,2
226000,2
117,2
854764,2
6203,2
2501,2
122,2
945,2
263,2
9663,2
2862,2
5,2
6600,2
1430,2
94825,2
861,2
6768,2
507,2
7,2
87,2
1457,2
185,2
578,2
4138,2
85,2
2651,2
0,2
10,2
946,2
3097,2
785092,2
3464,2
3522,2
304,2
5362,2
3805,2
1634,2
101,2
78,2
18892,2
6977,2
584066,2
263,2
94,2
9,2
74285,2
890660,2
1672,2
313,2
0,2
171,2
99,2
509145,2
542,2
4451,2
126,2
3022,2
0,2
407,2
2118,2
29,2
25,2
53,2
138,2
177,2
160,2
1228,2
174,2
156684,2
245,2
52,2
20190,2
3338,2
829,2
96,2
40330,2
159,2
3098,2
101,2
1424,2
50084,2
226,2
138739,2
138,2
928,2
115877,2
218,2
238,2
2,2
87,2
33,2
6988,2
94722,2
8380,2
90,2
106,2
3606,2
611,2
51,2
514,2
161,2
123,2
104,2
303,2
8500,2
499,2
620,2
207,2
72,2
2820,2
7084,2
333,2
31505,2
7862,2
1486,2
4983,2
277,2
218,2
8698,2
46,2
793,2
94,2
1240,2
22575,2
469,2
828,2
301245,2
578301,2
3907,2
279,2
242,2
166,2
13665,2
7853,2
260,2
4187,2
608,2
261,2
217,2
1160,2
61,2
208,2
426,2
4556,2
38440,2
515,2
85,2
139,2
78,2
46,2
6303,2
56,2
790,2
508,2
278,2
632,2
202,2
674,2
473,2
3257,2
55284,2
133,2
2156,2
297,2
75,2
91,2
25047,2
385,2
2026,2
408,2
172,2
214,2
12405,2
869,2
6,2
11531,2
1698,2
62,2
636,2
1863,2
212,2
144,2
2015,2
2569,2
129,2
3524,2
6953,2
445,2
2186,2
160411,2
11791,2
201,2
0,2
4531,2
141,2
915,2
1005746,2
0,2
10,2
51961,2
27130,2
1124,2
512,2
274081,2
116,2
224,2
84637,2
899,2
2,2
2,2
3,2
2,2
575,2
2,2
2,2
320814,2
145496,2
2,2
43,2
2,2
3,2
214,2
17,2
17450,2
2,2
1223,2
76,2
2,2
646,2
2,2
2331,2
14625,2
570,2
462,2
1278283,2
27623,2
22,2
3955,2
13806,2
2835,2
137,2
3214,2
0,2
7728,2
1253131,2
241,2
8660,2
431,2
272,2
3199,2
1769,2
137,2
49,2
1404,2
4596,2
420,2
3029,2
17361,2
8994,2
154949,2
2126,2
96,2
229,2
279,2
29,2
1382,2
16,2
88,2
362,2
1486,2
6084,2
184,2
97,2
364,2
32,2
164,2
69,2
2,2
1757,2
4902,2
1272,2
623,2
4180,2
70961,2
1901,2
314,2
5338,2
366,2
121,2
325,2
1098,2
54097,2
44034,2
223,2
103,2
0,2
50,2
192,2
79,2
3877,2
254,2
165912,2
170,2
61,2
104,2
15594,2
1076,2
0,2
1632,2
6483,2
3165,2
58,2
2353,2
289,2
422,2
193,2
123,2
384,2
43922,2
0,2
26932,2
686,2
196,2
66,2
136931,2
550,2
7,2
603,2
813,2
533,2
102402,2
142,2
18,2
355,2
245,2
3252,2
656,2
1458,2
180,2
33773,2
1484,2
10827,2
617,2
59,2
181249,2
798691,2
63,2
1595,2
1868,2
2149,2
13183,2
1020,2
33,2
1205,2
146,2
683,2
622,2
467,2
694,2
304,2
3570,2
5225,2
37,2
0,2
6204,2
0,2
17,2
0,2
11,2
240,2
492,2
1308,2
1163,2
109,2
489,2
6524,2
104,2
1450,2
123,2
1571,2
12774,2
904,2
55,2
540,2
19,2
486,2
675,2
92,2
6342,2
1652,2
464,2
33,2
25,2
18524,2
7006,2
151,2
2677,2
1202,2
57,2
153,2
26,2
1333,2
1916,2
13859,2
7,2
790588,2
192,2
29133,2
0,2
0,2
97,2
23,2
902,2
952,2
610,2
10,2
681,2
9785,2
658394,2
130,2
45,2
56,2
131,2
43393,2
62,2
1455,2
2362,2
147,2
2,2
71,2
2682,2
241,2
308,2
1672,2
147,2
733,2
268,2
22438,2
16335,2
232,2
751,2
565,2
306,2
139,2
263,2
934,2
873,2
98433,2
165,2
66,2
404764,2
531,2
23039,2
219,2
3310,2
449,2
34,2
4089,2
7,2
150,2
63,2
829,2
521,2
1,2
1176,2
176,2
30,1
16819,1
43,1
1388,1
1099,1
47,1
63,1
6689,1
27,1
22019,1
128,1
101,1
197,1
31,1
21,1
60,1
304,1
43666,1
2154,1
845,1
6999,1
653,1
183,1
36878,1
7,1
2594,1
1293,1
1007,1
170,1
101,1
88,1
1642,1
757,1
432,1
434,1
14061,1
5554,1
71,1
266,1
5125,1
1092,1
277,1
93,1
9,1
127,1
108,1
54,1
129,1
433,1
513,1
63,1
14,1
321,1
191,1
531,1
36,1
2809,1
108,1
2,1
123,1
22,1
32,1
130446,1
1977,1
50,1
374,1
8,1
323,1
108,1
139,1
18792,1
119,1
117,1
76,1
327,1
6,1
399,1
6,1
47,1
9,1
124,1
84,1
286,1
46,1
25,1
860,1
31,1
27,1
155,1
18007,1
649,1
78,1
7076,1
42,1
77,1
49,1
380,1
68,1
125933,1
69,1
60,1
51,1
370,1
156,1
521,1
575,1
139,1
0,1
715,1
4894,1
3170,1
5253,1
363818,1
293,1
311,1
1,1
28816,1
89,1
15,1
27,1
2,1
59,1
150,1
154747,1
1170,1
697,1
852,1
61,1
912,1
114,1
56,1
48,1
2590,1
1672,1
836,1
682,1
15,1
404,1
131,1
36733,1
527,1
107,1
20,1
70,1
0,1
0,1
20,1
107,1
7,1
754,1
464,1
112,1
28200,1
486,1
1334,1
33,1
230,1
57,1
175,1
52,1
133,1
2496,1
64,1
385,1
3511,1
129,1
10,1
12,1
724,1
177,1
579,1
11,1
3296,1
31,1
95,1
100,1
145,1
24,1
14,1
31,1
357,1
822,1
62,1
925,1
66,1
384,1
632,1
165,1
7775,1
3665,1
108,1
98,1
63,1
79,1
3338,1
0,1
2050,1
4,1
1868,1
89,1
18,1
934,1
666,1
127,1
3,1
118,1
130,1
373,1
1,1
544,1
11,1
93,1
2072,1
177,1
79,1
74,1
45,1
7396,1
117,1
444,1
2402,1
25278,1
59,1
110,1
460,1
314,1
2684,1
86,1
55,1
30,1
637,1
8478,1
26,1
227,1
3040,1
32,1
58,1
205,1
113,1
17554,1
134,1
2,1
61,1
59,1
46396,1
2883,1
2847,1
2972,1
2827,1
2838,1
28,1
2782,1
4231,1
4421,1
4429,1
54,1
1,1
1,1
279,1
324,1
157,1
60,1
9163,1
4153,1
37,1
1294,1
1791,1
517,1
81,1
4221,1
4295,1
5224,1
2204,1
2958,1
135,1
79,1
28,1
883,1
91,1
126177,1
486,1
1892,1
4807,1
7294,1
10,1
58,1
287,1
82677,1
52,1
5180,1
79,1
7,1
1,1
1,1
8,1
1,1
14,1
72,1
292,1
357,1
7389,1
6584,1
522,1
242,1
2105,1
3258,1
60,1
2517,1
365,1
10790,1
714,1
517,1
36,1
10,1
1451,1
55,1
486,1
406,1
47,1
11230,1
10775,1
361,1
232,1
457,1
345,1
239,1
25,1
1022,1
1318,1
645,1
1586,1
85,1
834,1
297,1
19,1
2205,1
19,1
98,1
1872,1
1610,1
44,1
873,1
27,1
54,1
18205,1
43,1
9286,1
8,1
1752,1
1724,1
10,1
41,1
715,1
626,1
10,1
389,1
3875,1
492,1
737,1
16793,1
5400,1
3987,1
315,1
1654,1
284,1
369,1
388,1
430,1
2034,1
394,1
157,1
43,1
802,1
60,1
686,1
266,1
87,1
52,1
1241,1
742,1
256,1
421,1
327,1
329,1
270,1
309,1
2118,1
589,1
822,1
5,1
1323,1
292,1
472,1
353,1
1017,1
287,1
1,1
120,1
295,1
74,1
10,1
2642,1
64,1
60,1
342,1
359,1
7232,1
7496,1
408,1
7525,1
56,1
92,1
1226,1
288,1
60,1
390,1
207,1
7,1
23901,1
474,1
487,1
28,1
552,1
17619,1
5650,1
60,1
4,1
198,1
2,1
573,1
2,1
396,1
218,1
447,1
865,1
649,1
3572,1
1689,1
634,1
7439,1
8585,1
1010,1
424,1
224,1
877,1
1932,1
3156,1
7536,1
51182,1
196,1
18129,1
21,1
318,1
55,1
211,1
4,1
370,1
11,1
350,1
54,1
676,1
59,1
299,1
712,1
81,1
257,1
432,1
4479,1
1075,1
115,1
131,1
420,1
164,1
696,1
104,1
93926,1
170,1
17598,1
369,1
38,1
101,1
0,1
0,1
310,1
109,1
50,1
5723,1
167,1
6,1
59,1
98,1
6,1
74,1
14,1
1167,1
106,1
1412,1
175021,1
2546,1
5285,1
1221,1
321,1
15785,1
714,1
5,1
990,1
1031,1
406,1
468,1
66316,1
1680,1
1553,1
5683,1
2397,1
518,1
2780,1
43,1
58,1
5353,1
454,1
1064,1
29888,1
215,1
161,1
88,1
9,1
4047761,1
6,1
73,1
20,1
65,1
57,1
13,1
111,1
8,1
8,1
50,1
20,1
900,1
1518,1
38725,1
47,1
72,1
288,1
142,1
131,1
157,1
9,1
195,1
23,1
1607825,1
54,1
244,1
88,1
43,1
439,1
0,1
57,1
2253,1
93,1
1893,1
994,1
1244,1
870,1
1037,1
5902,1
416,1
52,1
321,1
6392,1
14476,1
174,1
101,1
90,1
4,1
328,1
22,1
516,1
389,1
287,1
309,1
341,1
278,1
317,1
3478,1
290,1
356,1
354,1
434,1
375,1
7311,1
239,1
260,1
277,1
276,1
311,1
911,1
8883,1
270,1
286,1
4758,1
332,1
1081,1
728,1
15,1
395,1
603,1
42,1
147,1
112,1
40,1
18,1
5819,1
97,1
199,1
273439,1
50533,1
373,1
292,1
1493,1
1081,1
1410,1
32,1
10939,1
10,1
67,1
4,1
175,1
82,1
2898,1
198,1
95,1
5,1
8872,1
2181,1
719,1
183,1
428,1
50,1
53,1
2781,1
1723,1
207,1
116,1
925,1
1576,1
353,1
2801,1
1045,1
2859,1
90,1
193,1
80,1
60,1
285,1
50,1
6,1
0,1
159,1
212,1
172,1
62,1
2,1
2,1
2,1
462,1
347,1
257,1
284,1
27,1
175,1
7,1
25,1
3,1
4011940,1
29158,1
18,1
32,1
2287,1
118,1
879,1
221,1
0,1
2904,1
722774,1
134,1
1311,1
1197,1
417,1
93,1
1209,1
55,1
6,1
90,1
92,1
57,1
430,1
7,1
193,1
196,1
249951,1
989,1
113,1
140,1
343,1
53,1
41,1
108,1
165,1
104,1
32,1
309,1
487,1
7839,1
199,1
2001,1
5514,1
6604,1
586,1
142,1
3935,1
546,1
1813,1
407,1
867,1
1331,1
3626,1
219,1
126,1
8,1
1053,1
1110,1
10457,1
317,1
2,1
2570,1
124,1
6,1
79,1
42,1
450,1
350,1
41,1
107,1
10506,1
0,1
190,1
34,1
81,1
121,1
100,1
434,1
29,1
332,1
8976,1
517,1
1295,1
1309,1
1069,1
783,1
980,1
53,1
367,1
8793,1
284,1
5127,1
131,1
431,1
17555,1
182,1
347,1
64,1
157,1
52,1
49,1
53,1
224,1
65,1
44,1
95,1
8,1
828,1
100,1
9337,1
39,1
10,1
71,1
35,1
138,1
2592,1
111,1
370,1
641,1
9352,1
284,1
17866,1
64,1
1564,1
103,1
1379,1
6456,1
1,1
1,1
172,1
64,1
7038,1
2465,1
500323,1
2919,1
308,1
309,1
1024,1
326,1
318,1
492,1
655,1
943,1
6458,1
44,1
319,1
394,1
5011,1
302,1
336,1
658,1
851,1
381,1
3113,1
265,1
2555,1
39,1
250,1
63,1
83,1
21,1
104,1
640,1
374,1
305,1
257,1
394,1
1091,1
1288,1
465,1
506,1
346,1
305,1
32673,1
648,1
251,1
348,1
374,1
112,1
57,1
671,1
79,1
0,1
18,1
79,1
85743,1
256,1
52,1
30,1
45,1
0,1
60,1
83,1
94,1
1537,1
511,1
134,1
730,1
309,1
556,1
3512,1
292,1
335,1
294,1
287,1
296,1
150,1
32,1
1065,1
61543,1
10022,1
2311,1
35,1
143,1
116,1
890,1
11,1
51,1
53,1
438960,1
100,1
88,1
39858,1
247,1
337,1
30,1
647,1
9,1
297,1
51,1
113,1
10,1
633,1
3,1
281,1
10491,1
178,1
373,1
18,1
509,1
24,1
241,1
3355,1
11,1
4,1
589,1
1438,1
283970,1
339,1
64,1
52,1
63,1
161,1
17908,1
117,1
79,1
1117,1
146,1
31,1
1172,1
86,1
62,1
59,1
43,1
6,1
66,1
211,1
320,1
182,1
26,1
0,1
276,1
493,1
342,1
180,1
3,1
281,1
1,1
52,1
315,1
13,1
2,1
398,1
20,1
116,1
3,1
367,1
199,1
227,1
547,1
70,1
2800,1
968,1
27,1
9,1
15,1
58,1
150,1
45,1
0,1
669,1
14550,1
188,1
476,1
5460,1
14,1
10,1
62,1
344,1
159,1
151,1
4136,1
6104,1
465,1
172,1
19,1
36,1
10,1
326,1
6,1
1263,1
0,1
50,1
153,1
107,1
4333,1
62,1
265,1
212,1
68,1
126,1
198,1
1,1
136,1
2240,1
176,1
1,1
466,1
676,1
686,1
1379,1
571,1
280,1
144,1
225,1
34,1
191,1
279,1
37,1
75,1
26601,1
73,1
1050,1
28,1
3085,1
903,1
72,1
839,1
1513,1
6182,1
197,1
2,1
11,1
94,1
258,1
67,1
8,1
1244,1
92,1
23,1
1356,1
59,1
88,1
8976,1
72,1
82,1
92,1
78,1
354,1
353,1
4059,1
25,1
98,1
52,1
47,1
120,1
52,1
3649,1
68,1
131,1
402,1
336,1
185,1
125,1
2101,1
51,1
35033,1
81,1
19,1
3265,1
361,1
34,1
79,1
65,1
51,1
103,1
45555,1
711,1
96,1
9,1
1169,1
77,1
2,1
134,1
6145,1
7817,1
137,1
31,1
998,1
238,1
118,1
89,1
19,1
533,1
15,1
51,1
56,1
158,1
55,1
90,1
683,1
105,1
78,1
2342,1
67,1
193,1
40529,1
2451,1
424,1
43,1
7,1
12,1
15,1
5,1
196,1
1554,1
9,1
1916,1
820,1
23790,1
81,1
445,1
296,1
0,1
34,1
12,1
452,1
129,1
3289383,1
30429,1
9,1
421,1
361,1
4666,1
813,1
4286,1
2014,1
406,1
74,1
476,1
403,1
78,1
490,1
62,1
259081,1
4260,1
54,1
1824,1
597,1
1601,1
7334,1
195,1
89619,1
0,1
1992,1
82,1
26,1
2078,1
69813,1
30417,1
222,1
61,1
216,1
623,1
49,1
190,1
47,1
280,1
8412,1
332,1
3538,1
37,1
32036,1
12111,1
128,1
158,1
855,1
73,1
1873,1
1027,1
12943,1
1841,1
318,1
1154,1
11121,1
1336,1
2405,1
230,1
286,1
10441,1
55,1
294,1
373,1
95,1
37,1
373,1
15009,1
991,1
30,1
347,1
104,1
397,1
663,1
66,1
500336,1
0,1
33,1
141,1
199,1
13,1
14,1
111,1
5,1
225,1
124,1
73,1
12,1
433,1
22,1
1035,1
34,1
9617,1
194,1
71,1
74,1
4097,1
2156,1
1169,1
156,1
44,1
10317,1
50406,1
116,1
1436,1
83,1
7823,1
120,1
135,1
14978,1
2362,1
740,1
0,1
12,1
438426,1
10,1
7,1
210,1
32,1
240,1
960,1
43,1
49,1
199,1
165,1
190,1
678,1
1326,1
2743,1
610,1
4716,1
32,1
106,1
92,1
292,1
35,1
93,1
13,1
146,1
391,1
6,1
35,1
208,1
172,1
166,1
123,1
226,1
158,1
253,1
338,1
81,1
140,1
23700,1
569,1
116,1
188,1
330,1
576,1
258,1
25,1
1243,1
38789,1
0,1
13,1
789,1
0,1
0,1
84,1
2442,1
1,1
108,1
1457,1
1786,1
427,1
2014,1
1155,1
86,1
3300,1
68,1
44,1
16342,1
278,1
55,1
27485,1
164,1
27,1
29,1
26217,1
165,1
417,1
2,1
116,1
18,1
54,1
40,1
10486,1
39,1
49,1
186,1
145,1
90,1
105,1
211,1
160,1
559,1
2171,1
72,1
46,1
3867,1
12020,1
242490,1
5974,1
40,1
520,1
53,1
206,1
44,1
62,1
5047,1
452,1
0,1
107,1
790762,1
17,1
105,1
37,1
1350,1
25655,1
25168,1
21511,1
392,1
801,1
240,1
13,1
992,1
355,1
19,1
187,1
0,1
5,1
72,1
56,1
613,1
592,1
1655,1
1219,1
5,1
45,1
45604,1
281,1
918,1
80,1
369,1
458,1
97,1
473,1
10,1
10845,1
5551,1
57,1
15,1
184,1
3983,1
316,1
20,1
26619,1
175,1
3764,1
2205,1
322,1
19,1
25,1
78,1
22,1
1470,1
48,1
7,1
11037,1
86,1
255,1
22566,1
95,1
5735,1
148,1
130,1
43,1
125,1
81,1
66,1
396,1
27906,1
1157,1
60,1
1139,1
34,1
63,1
25,1
51,1
51259,1
15,1
66,1
55,1
125,1
1447,1
99,1
2994,1
22,1
188,1
41,1
60,1
78,1
56,1
0,1
2,1
4,1
555,1
0,1
3006,1
0,1
70,1
372,1
100,1
145,1
382,1
147,1
633,1
1660,1
62334,1
263,1
67,1
50,1
99,1
30,1
101,1
1482,1
173,1
2078,1
79,1
38,1
428,1
390,1
106,1
36,1
71,1
22,1
544,1
5342666,1
17,1
6,1
703,1
4624,1
54,1
171,1
1308,1
574,1
1549,1
68,1
6,1
14,1
243,1
95,1
8115,1
122581,1
148,1
95620,1
41772,1
51,1
5,1
227,1
18,1
22,1
90,1
3,1
361,1
9,1
986,1
3,1
2,1
269,1
934,1
317,1
7,1
72,1
261,1
33,1
1103,1
3,1
569,1
437,1
115,1
42,1
7378,1
1052,1
303,1
26,1
45,1
1337,1
0,1
2,1
101,1
81,1
5,1
0,1
106,1
15,1
123,1
5,1
2,1
87,1
265,1
704,1
381,1
598,1
39,1
78,1
52,1
38554,1
6020,1
26,1
309,1
12,1
51,1
0,1
1610,1
2,1
75,1
102,1
4,1
58,1
760,1
15205,1
203464,1
7,1
6884,1
8943,1
7,1
301,1
32,1
122,1
151,1
1163,1
2986,1
20,1
123,1
46,1
15,1
116,1
456,1
336,1
1269,1
6801,1
1903,1
52,1
24,1
7343,1
57,1
226,1
130,1
19,1
10,1
4,1
110079,1
2,1
83,1
0,1
29,1
7,1
107,1
290,1
330,1
1729,1
22136,1
1792,1
25,1
2,1
115,1
73,1
9,1
145,1
74,1
361,1
211,1
315,1
2902,1
21,1
617,1
62,1
125,1
7,1
1,1
8,1
18136,1
178,1
1206,1
104,1
5128,1
1207,1
135,1
167,1
372,1
1366,1
45,1
3060,1
114,1
52,1
50,1
23,1
25,1
22,1
27,1
63,1
28,1
1523,1
14,1
36,1
84,1
109,1
37,1
350,1
60,1
6314,1
3084,1
89,1
205,1
64,1
209,1
23,1
501,1
26,1
19054,1
54,1
4505,1
59,1
15,1
45,1
75,1
953,1
60,1
118,1
496303,1
0,1
0,1
114,1
126,1
80,1
144,1
623,1
521,1
1657,1
53,1
7,1
152,1
47,1
72,1
33,1
11,1
407,1
127,1
203,1
188,1
1519,1
21389,1
1462,1
3697,1
2964,1
553,1
509,1
414,1
1900,1
24,1
4003,1
1635,1
147,1
8482,1
3214,1
277,1
1,1
11,1
237,1
24,1
141,1
120,1
463,1
3747,1
114,1
126,1
23,1
37,1
115,1
1,1
6,1
274438,1
143,1
162855,1
45360,1
10,1
54,1
105,1
1760,1
62,1
15,1
585,1
473,1
99,1
33941,1
50,1
71,1
239,1
67,1
181,1
1739,1
118,1
69,1
31,1
348,1
9957,1
104,1
10,1
267,1
91,1
182,1
258,1
1391,1
105,1
106,1
105,1
3,1
10445,1
523,1
1125,1
545,1
3,1
11,1
101,1
96,1
297,1
65,1
21995,1
0,1
11354,1
127,1
1690,1
316,1
56211,1
12,1
5602,1
0,1
20334,1
0,1
44,1
71,1
22,1
24961,1
11795,1
116,1
4013,1
501,1
1026,1
5,1
520,1
12,1
4,1
20,1
23,1
23,1
97,1
488,1
7450,1
78,1
943,1
39,1
78,1
34,1
103,1
112,1
1781,1
23,1
999,1
10,1
46143,1
9,1
383,1
64050,1
33,1
180,1
42,1
153,1
0,1
5,1
152,1
1468,1
2,1
139472,1
57,1
34,1
5,1
273,1
916,1
279,1
782,1
892,1
6904,1
664,1
539,1
156,1
22,1
451,1
44766,1
28,1
229,1
77,1
109,1
1568,1
20324,1
5315,1
26,1
26,1
861,1
53,1
765,1
119,1
434,1
64,1
14,1
31565,1
25,1
319,1
193,1
264,1
15680,1
187,1
793,1
343,1
53,1
1031,1
116,1
378,1
210295,1
97,1
1264,1
305,1
531,1
676759,1
31875,1
49,1
355,1
2,1
1417,1
356,1
3938,1
1553,1
712,1
357,1
336,1
6498,1
114,1
52,1
3326,1
1912,1
6472,1
108,1
0,1
593,1
11874,1
637,1
125,1
73,1
183,1
81,1
93,1
1708,1
67,1
75,1
158,1
6369,1
306,1
4116,1
169,1
74,1
54,1
15072,1
557,1
3232,1
1907,1
72,1
3263,1
68,1
221,1
382,1
5728,1
154,1
60,1
60,1
26,1
2,1
1,1
5,1
1,1
12,1
6962,1
1307,1
61,1
1536,1
96,1
107,1
213,1
24371,1
740,1
12785,1
16342,1
15368,1
682,1
1340,1
362,1
466,1
212,1
548,1
882,1
2105,1
9566,1
182,1
327,1
803,1
3013,1
8501,1
24101,1
1544,1
253,1
550,1
101,1
16107,1
0,1
5290,1
3876,1
54993,1
9735,1
269,1
2493,1
27210,1
32,1
63,1
960,1
105,1
560,1
456,1
272,1
3427,1
2575,1
2560,1
2926,1
2557,1
383,1
277,1
58,1
13923,1
15065,1
204,1
21831,1
18,1
15245,1
5,1
32,1
55,1
15,1
629,1
1600,1
2546,1
16203,1
687,1
110,1
11,1
1357,1
4374,1
31001,1
1175,1
759,1
2,1
1467,1
4975,1
35229,1
371,1
36,1
141,1
1735,1
368,1
121,1
37918,1
39931,1
276,1
177,1
4171,1
34,1
281,1
12123,1
97,1
304,1
484,1
43,1
42,1
8204,1
75,1
102,1
3,1
121,1
147,1
5,1
52,1
39,1
15,1
15,1
339,1
191,1
3876,1
1604180,1
597,1
52,1
60,1
1356,1
67,1
4829,1
35,1
87,1
838,1
0,1
33,1
79,1
0,1
300,1
358,1
156,1
127,1
57,1
82,1
73,1
0,1
0,1
57,1
2,1
3,1
32,1
0,1
0,1
744,1
1821,1
39,1
9,1
60,1
3455,1
35,1
118,1
146,1
224,1
34,1
58,1
37,1
1629,1
1377,1
37820,1
453,1
2149,1
762,1
151,1
415,1
2122,1
285,1
130,1
235,1
11154,1
159,1
851,1
46,1
145,1
232,1
2,1
108,1
140,1
1515,1
171,1
440,1
685,1
19,1
68,1
37,1
6,1
485,1
787,1
432,1
18588,1
816,1
518,1
730,1
45,1
101,1
745,1
6,1
229,1
676,1
119,1
16,1
12,1
601,1
71,1
0,1
61,1
52,1
119,1
41,1
122,1
243,1
2563,1
48,1
1031,1
6,1
290,1
967,1
293,1
106,1
52,1
9956,1
330,1
24671,1
242,1
143,1
364,1
24,1
319147,1
1267,1
903,1
422,1
571,1
482,1
1397,1
100,1
413,1
123,1
842,1
480,1
44,1
2074,1
28,1
105,1
361,1
142,1
89,1
81,1
11,1
0,1
152,1
261,1
82,1
69,1
122,1
50,1
107,1
1931,1
6005,1
4815,1
30073,1
119,1
51,1
14827,1
215879,1
129,1
3,1
3756,1
1,1
71,1
15,1
28,1
137,1
1204,1
174,1
4,1
53,1
15,1
71,1
69,1
5,1
5073,1
19,1
150,1
53,1
4,1
4435,1
37,1
51,1
2,1
47,1
1,1
155,1
76,1
56,1
21,1
344,1
94,1
2458,1
274,1
301,1
15826,1
6,1
496,1
51,1
10,1
57,1
87,1
11100,1
8,1
632,1
4860,1
6904,1
3951,1
499,1
1371,1
2632,1
801,1
7656,1
930,1
155,1
4345,1
78,1
386731,1
1,1
1055,1
113,1
395,1
60,1
545,1
9261,1
6261,1
123,1
32382,1
147,1
259054,1
76,1
123,1
457,1
240125,1
102,1
591,1
791,1
498,1
507,1
1654,1
556,1
89950,1
202,1
63,1
57,1
32,1
525,1
1810,1
3815,1
737,1
226,1
385,1
57,1
1263,1
1760,1
1081,1
4967,1
2150,1
5,1
897,1
371,1
160,1
282,1
3887,1
557,1
27,1
502,1
44782,1
2150,1
325,1
9,1
21,1
10,1
8,1
23,1
6,1
77,1
48,1
19,1
263,1
544,1
1,1
0,1
197,1
90,1
39,1
80,1
1934,1
52,1
28,1
14,1
3,1
398,1
672,1
95,1
39,1
74,1
134,1
46,1
183,1
373,1
53,1
1324,1
213,1
69,1
0,1
337,1
278923,1
77,1
258,1
14198,1
10,1
5,1
3,1
67,1
71,1
51,1
22847,1
1491,1
1028,1
65,1
530,1
156,1
1,1
125,1
5227,1
7692,1
0,1
119,1
50,1
160,1
0,1
77,1
151,1
4521,1
116,1
